{
  "type": "soil",
  "table_number": 1,
  "samples": [
    {
      "Lab No.": "S218/25",
      "Sample No.": 1,
      "pH": 5.0,
      "Nitrogen %": 0.1,
      "Organic Carbon %": 0.89,
      "Total P mg/kg": 59,
      "Available P mg/kg": 2,
      "Exch. K meq%": 0.08,
      "Exch. Ca meq%": 0.67,
      "Exch. Mg meq%": 0.16,
      "C.E.C meq%": 6.74
    },
    {
      "Lab No.": "S219/25",
      "Sample No.": 2,
      "pH": 4.3,
      "Nitrogen %": 0.09,
      "Organic Carbon %": 0.8,
      "Total P mg/kg": 74,
      "Available P mg/kg": 4,
      "Exch. K meq%": 0.08,
      "Exch. Ca meq%": 0.22,
      "Exch. Mg meq%": 0.17,
      "C.E.C meq%": 6.74
    },
    {
      "Lab No.": "S220/25",
      "Sample No.": 3,
      "pH": 4.0,
      "Nitrogen %": 0.09,
      "Organic Carbon %": 0.72,
      "Total P mg/kg": 16,
      "Available P mg/kg": 1,
      "Exch. K meq%": 0.09,
      "Exch. Ca meq%": 0.41,
      "Exch. Mg meq%": 0.2,
      "C.E.C meq%": 5.4
    },
    {
      "Lab No.": "S221/25",
      "Sample No.": 4,
      "pH": 4.1,
      "Nitrogen %": 0.07,
      "Organic Carbon %": 0.33,
      "Total P mg/kg": 19,
      "Available P mg/kg": 1,
      "Exch. K meq%": 0.08,
      "Exch. Ca meq%": 0.34,
      "Exch. Mg meq%": 0.12,
      "C.E.C meq%": 2.7
    },
    {
      "Lab No.": "S222/25",
      "Sample No.": 5,
      "pH": 4.0,
      "Nitrogen %": 0.08,
      "Organic Carbon %": 0.58,
      "Total P mg/kg": 49,
      "Available P mg/kg": 1,
      "Exch. K meq%": 0.11,
      "Exch. Ca meq%": 0.24,
      "Exch. Mg meq%": 0.16,
      "C.E.C meq%": 6.74
    },
    {
      "Lab No.": "S223/25",
      "Sample No.": 6,
      "pH": 3.9,
      "Nitrogen %": 0.09,
      "Organic Carbon %": 0.58,
      "Total P mg/kg": 245,
      "Available P mg/kg": 1,
      "Exch. K meq%": 0.1,
      "Exch. Ca meq%": 0.22,
      "Exch. Mg meq%": 0.16,
      "C.E.C meq%": 7.2
    },
    {
      "Lab No.": "S224/25",
      "Sample No.": 7,
      "pH": 4.1,
      "Nitrogen %": 0.11,
      "Organic Carbon %": 0.84,
      "Total P mg/kg": 293,
      "Available P mg/kg": 5,
      "Exch. K meq%": 0.08,
      "Exch. Ca meq%": 0.38,
      "Exch. Mg meq%": 0.17,
      "C.E.C meq%": 6.29
    },
    {
      "Lab No.": "S225/25",
      "Sample No.": 8,
      "pH": 4.1,
      "Nitrogen %": 0.08,
      "Organic Carbon %": 0.61,
      "Total P mg/kg": 81,
      "Available P mg/kg": 3,
      "Exch. K meq%": 0.13,
      "Exch. Ca meq%": 0.35,
      "Exch. Mg meq%": 0.14,
      "C.E.C meq%": 1.8
    },
    {
      "Lab No.": "S226/25",
      "Sample No.": 9,
      "pH": 4.1,
      "Nitrogen %": 0.07,
      "Organic Carbon %": 0.36,
      "Total P mg/kg": 16,
      "Available P mg/kg": 1,
      "Exch. K meq%": 0.08,
      "Exch. Ca meq%": 0.17,
      "Exch. Mg meq%": 0.14,
      "C.E.C meq%": 6.74
    },
    {
      "Lab No.": "S227/25",
      "Sample No.": 10,
      "pH": 3.9,
      "Nitrogen %": 0.09,
      "Organic Carbon %": 0.46,
      "Total P mg/kg": 266,
      "Available P mg/kg": 4,
      "Exch. K meq%": 0.18,
      "Exch. Ca meq%": "N.D.",
      "Exch. Mg meq%": 0.16,
      "C.E.C meq%": 11.25
    }
  ],
  "sample_count": 10
}